-- Seed data for TheFesta Platform
-- This populates the database with sample vendors for testing and development

-- Create sample users (vendors)
INSERT INTO users (id, email, password, name, phone, role) VALUES
  ('a0000001-0001-4001-8001-000000000001', 'sea.cliff@venue.com', '$2a$10$hashedpassword1', 'Sea Cliff Manager', '+255-123-456-789', 'vendor'),
  ('a0000002-0002-4002-8002-000000000002', 'bella@photo.com', '$2a$10$hashedpassword2', 'Isabella Martinez', '+255-123-456-790', 'vendor'),
  ('a0000003-0003-4003-8003-000000000003', 'salty@films.com', '$2a$10$hashedpassword3', 'David Chen', '+255-123-456-791', 'vendor'),
  ('a0000004-0004-4004-8004-000000000004', 'elegant@catering.com', '$2a$10$hashedpassword4', 'Sarah Williams', '+255-123-456-792', 'vendor'),
  ('a0000005-0005-4005-8005-000000000005', 'perfect@planners.com', '$2a$10$hashedpassword5', 'Emily Johnson', '+255-123-456-793', 'vendor'),
  ('a0000006-0006-4006-8006-000000000006', 'bloom@florals.com', '$2a$10$hashedpassword6', 'Sophie Anderson', '+255-123-456-794', 'vendor'),
  ('a0000007-0007-4007-8007-000000000007', 'hyatt@regency.com', '$2a$10$hashedpassword7', 'Hyatt Manager', '+255-123-456-795', 'vendor'),
  ('a0000008-0008-4008-8008-000000000008', 'urban@events.com', '$2a$10$hashedpassword8', 'Marcus Thompson', '+255-123-456-796', 'vendor');

-- Create sample vendors
INSERT INTO vendors (
  id, slug, user_id, business_name, category, subcategories, bio, description,
  logo, cover_image, location, price_range, verified, tier, stats, contact_info,
  social_links, years_in_business, team_size, services_offered
) VALUES
  (
    'b0000001-0001-4001-8001-000000000001',
    'sea-cliff-hotel-resort',
    'a0000001-0001-4001-8001-000000000001',
    'Sea Cliff Hotel & Resort',
    'Venues',
    ARRAY['Beach Weddings', 'Hotel Venues', 'Outdoor Venues'],
    'Premier waterfront venue for unforgettable celebrations',
    'Sea Cliff Hotel & Resort offers a stunning oceanfront setting for your dream wedding. With panoramic views of the Indian Ocean, our venue provides both indoor and outdoor spaces that can accommodate intimate gatherings to grand celebrations of up to 500 guests. Our experienced event team ensures every detail is perfect.',
    'https://picsum.photos/seed/venue1-logo/200/200',
    'https://picsum.photos/seed/venue1/1200/600',
    '{"city": "Dar es Salaam", "region": "Coastal Zone", "country": "Tanzania", "coordinates": {"lat": -6.8235, "lng": 39.2695}}',
    '$$$$',
    true,
    'premium',
    '{"viewCount": 15200, "inquiryCount": 89, "saveCount": 287, "averageRating": 4.8, "reviewCount": 124}',
    '{"email": "events@seacliff.co.tz", "phone": "+255-123-456-789", "website": "https://seacliffhotel.com"}',
    '{"instagram": "@seacliffhotel", "facebook": "seacliffhoteltz", "twitter": null, "tiktok": null}',
    15,
    25,
    ARRAY['Full Venue Rental', 'Catering', 'Event Planning', 'Accommodation', 'Audio/Visual Equipment']
  ),
  (
    'b0000002-0002-4002-8002-000000000002',
    'bella-photography-studio',
    'a0000002-0002-4002-8002-000000000002',
    'Bella Photography Studio',
    'Photographers',
    ARRAY['Wedding Photography', 'Portrait Photography', 'Event Photography'],
    'Award-winning photographer capturing your precious moments',
    'Bella Photography specializes in artistic wedding and event photography. With 10 years of experience and a keen eye for detail, we create timeless images that tell your unique love story. Our packages include full-day coverage, edited digital images, and custom albums.',
    'https://picsum.photos/seed/photo1-logo/200/200',
    'https://picsum.photos/seed/photo1/1200/600',
    '{"city": "Dar es Salaam", "region": "Coastal Zone", "country": "Tanzania", "coordinates": {"lat": -6.7924, "lng": 39.2083}}',
    '$$',
    true,
    'pro',
    '{"viewCount": 6800, "inquiryCount": 45, "saveCount": 164, "averageRating": 4.9, "reviewCount": 87}',
    '{"email": "hello@bellaphotography.co.tz", "phone": "+255-123-456-790", "website": "https://bellaphotography.com"}',
    '{"instagram": "@bellaphotographytz", "facebook": "bellaphotographystudio", "twitter": null, "tiktok": "@bellaphotos"}',
    10,
    3,
    ARRAY['Wedding Photography', 'Engagement Shoots', 'Pre-wedding Sessions', 'Photo Albums', 'Digital Delivery']
  ),
  (
    'b0000003-0003-4003-8003-000000000003',
    'salty-love-films',
    'a0000003-0003-4003-8003-000000000003',
    'Salty Love Films',
    'Videographers',
    ARRAY['Wedding Videography', 'Cinematic Films', 'Drone Coverage'],
    'Cinematic videography that captures your love story',
    'Salty Love Films creates cinematic wedding films that go beyond traditional videography. Using state-of-the-art equipment including drones and professional stabilizers, we craft emotional, story-driven films that you''ll treasure forever.',
    'https://picsum.photos/seed/video1-logo/200/200',
    'https://picsum.photos/seed/video1/1200/600',
    '{"city": "Arusha", "region": "Northern Zone", "country": "Tanzania", "coordinates": {"lat": -3.3869, "lng": 36.6830}}',
    '$$$',
    true,
    'pro',
    '{"viewCount": 9100, "inquiryCount": 52, "saveCount": 185, "averageRating": 4.9, "reviewCount": 63}',
    '{"email": "info@saltylovefilms.com", "phone": "+255-123-456-791", "website": "https://saltylovefilms.com"}',
    '{"instagram": "@saltylovefilms", "facebook": "saltylovefilmstz", "twitter": null, "tiktok": "@saltylovefilms"}',
    7,
    4,
    ARRAY['Full Day Coverage', 'Highlight Films', 'Full Ceremony Edit', 'Drone Footage', 'Same Day Edit']
  ),
  (
    'b0000004-0004-4004-8004-000000000004',
    'elegant-catering-services',
    'a0000004-0004-4004-8004-000000000004',
    'Elegant Catering Services',
    'Caterers',
    ARRAY['Wedding Catering', 'Corporate Events', 'Fine Dining'],
    'Fine dining caterer creating memorable culinary experiences',
    'Elegant Catering Services brings restaurant-quality cuisine to your special day. Our award-winning chefs create custom menus featuring international and local Tanzanian flavors. We handle everything from intimate dinners to grand receptions for 500+ guests.',
    'https://picsum.photos/seed/cater1-logo/200/200',
    'https://picsum.photos/seed/cater1/1200/600',
    '{"city": "Dar es Salaam", "region": "Coastal Zone", "country": "Tanzania", "coordinates": {"lat": -6.7735, "lng": 39.2474}}',
    '$$$',
    true,
    'pro',
    '{"viewCount": 8400, "inquiryCount": 67, "saveCount": 198, "averageRating": 4.7, "reviewCount": 112}',
    '{"email": "events@elegantcatering.co.tz", "phone": "+255-123-456-792", "website": "https://elegantcatering.com"}',
    '{"instagram": "@elegantcateringtz", "facebook": "elegantcateringservices", "twitter": null, "tiktok": null}',
    12,
    15,
    ARRAY['Custom Menus', 'Buffet Service', 'Plated Dinners', 'Cocktail Reception', 'Dessert Tables', 'Bar Service']
  ),
  (
    'b0000005-0005-4005-8005-000000000005',
    'perfect-day-planners',
    'a0000005-0005-4005-8005-000000000005',
    'Perfect Day Planners',
    'Wedding Planners',
    ARRAY['Full-Service Planning', 'Day-of Coordination', 'Destination Weddings'],
    'Full-service coordinator making your wedding dreams come true',
    'Perfect Day Planners takes the stress out of wedding planning. Our experienced team handles every detail from vendor coordination to timeline management, ensuring your day runs flawlessly. We specialize in creating personalized, unforgettable celebrations.',
    'https://picsum.photos/seed/planner1-logo/200/200',
    'https://picsum.photos/seed/planner1/1200/600',
    '{"city": "Dar es Salaam", "region": "Coastal Zone", "country": "Tanzania", "coordinates": {"lat": -6.8160, "lng": 39.2803}}',
    '$$',
    true,
    'premium',
    '{"viewCount": 10500, "inquiryCount": 78, "saveCount": 234, "averageRating": 5.0, "reviewCount": 96}',
    '{"email": "hello@perfectdayplanners.co.tz", "phone": "+255-123-456-793", "website": "https://perfectdayplanners.com"}',
    '{"instagram": "@perfectdayplanners", "facebook": "perfectdayplannerstz", "twitter": null, "tiktok": null}',
    8,
    6,
    ARRAY['Full Planning', 'Partial Planning', 'Day-of Coordination', 'Vendor Management', 'Budget Planning', 'Timeline Creation']
  ),
  (
    'b0000006-0006-4006-8006-000000000006',
    'bloom-petal-florals',
    'a0000006-0006-4006-8006-000000000006',
    'Bloom & Petal Florals',
    'Florists',
    ARRAY['Wedding Flowers', 'Event Decor', 'Bridal Bouquets'],
    'Luxury floral designer creating breathtaking arrangements',
    'Bloom & Petal Florals transforms venues with stunning floral artistry. From romantic garden-inspired designs to modern minimalist arrangements, we work closely with couples to bring their vision to life with the freshest blooms and creative expertise.',
    'https://picsum.photos/seed/floral1-logo/200/200',
    'https://picsum.photos/seed/floral1/1200/600',
    '{"city": "Arusha", "region": "Northern Zone", "country": "Tanzania", "coordinates": {"lat": -3.3995, "lng": 36.7001}}',
    '$$',
    true,
    'pro',
    '{"viewCount": 8300, "inquiryCount": 56, "saveCount": 178, "averageRating": 4.8, "reviewCount": 71}',
    '{"email": "info@bloomandpetal.co.tz", "phone": "+255-123-456-794", "website": "https://bloomandpetal.com"}',
    '{"instagram": "@bloomandpetal", "facebook": "bloompetaltflorals", "twitter": null, "tiktok": "@bloompetal"}',
    6,
    4,
    ARRAY['Bridal Bouquets', 'Ceremony Flowers', 'Reception Centerpieces', 'Floral Arches', 'Boutonnieres', 'Installation Art']
  ),
  (
    'b0000007-0007-4007-8007-000000000007',
    'hyatt-regency-dar-es-salaam',
    'a0000007-0007-4007-8007-000000000007',
    'Hyatt Regency Dar es Salaam',
    'Venues',
    ARRAY['Hotel Venues', 'Waterfront Venues', 'Luxury Venues'],
    'Luxury waterfront venue for sophisticated celebrations',
    'Hyatt Regency Dar es Salaam offers elegant wedding venues with stunning harbor views. Our dedicated events team and world-class amenities ensure an unforgettable celebration. Choose from multiple venue spaces including our grand ballroom and oceanfront terrace.',
    'https://picsum.photos/seed/venue2-logo/200/200',
    'https://picsum.photos/seed/venue2/1200/600',
    '{"city": "Dar es Salaam", "region": "Coastal Zone", "country": "Tanzania", "coordinates": {"lat": -6.8145, "lng": 39.2869}}',
    '$$$$',
    true,
    'premium',
    '{"viewCount": 18900, "inquiryCount": 102, "saveCount": 312, "averageRating": 4.9, "reviewCount": 156}',
    '{"email": "events@hyattdar.com", "phone": "+255-123-456-795", "website": "https://hyatt.com/dar"}',
    '{"instagram": "@hyattregencydar", "facebook": "hyattregencydaressalaam", "twitter": "@hyattdar", "tiktok": null}',
    20,
    35,
    ARRAY['Multiple Venues', 'Full Catering', 'Event Planning', 'Accommodation', 'Spa Services', 'Audio/Visual']
  ),
  (
    'b0000008-0008-4008-8008-000000000008',
    'urban-events-photography',
    'a0000008-0008-4008-8008-000000000008',
    'Urban Events Photography',
    'Photographers',
    ARRAY['Modern Wedding Photography', 'Documentary Style', 'Urban Photography'],
    'Modern wedding specialist capturing authentic moments',
    'Urban Events Photography brings a fresh, modern approach to wedding photography. We specialize in candid, documentary-style images that capture genuine emotions and moments. Perfect for couples who want authentic, unposed photos.',
    'https://picsum.photos/seed/photo2-logo/200/200',
    'https://picsum.photos/seed/photo2/1200/600',
    '{"city": "Dar es Salaam", "region": "Coastal Zone", "country": "Tanzania", "coordinates": {"lat": -6.7924, "lng": 39.2734}}',
    '$',
    false,
    'free',
    '{"viewCount": 5200, "inquiryCount": 34, "saveCount": 142, "averageRating": 4.6, "reviewCount": 45}',
    '{"email": "contact@urbanevents.co.tz", "phone": "+255-123-456-796", "website": "https://urbaneventsphoto.com"}',
    '{"instagram": "@urbaneventstz", "facebook": "urbaneventsphoto", "twitter": null, "tiktok": "@urbanevents"}',
    5,
    2,
    ARRAY['Wedding Photography', 'Event Coverage', 'Engagement Sessions', 'Digital Gallery', 'Prints']
  );

-- Create sample portfolio items
INSERT INTO portfolio (vendor_id, title, images, description, event_type, featured, display_order) VALUES
  ('b0000001-0001-4001-8001-000000000001', 'Oceanfront Beach Wedding', ARRAY['https://picsum.photos/seed/port1-1/800/600', 'https://picsum.photos/seed/port1-2/800/600', 'https://picsum.photos/seed/port1-3/800/600'], 'A beautiful beach ceremony at sunset with 200 guests', 'Wedding', true, 1),
  ('b0000001-0001-4001-8001-000000000001', 'Grand Ballroom Reception', ARRAY['https://picsum.photos/seed/port1-4/800/600', 'https://picsum.photos/seed/port1-5/800/600'], 'Elegant indoor reception in our grand ballroom', 'Wedding', true, 2),
  ('b0000002-0002-4002-8002-000000000002', 'Sarah & James Wedding', ARRAY['https://picsum.photos/seed/port2-1/800/600', 'https://picsum.photos/seed/port2-2/800/600', 'https://picsum.photos/seed/port2-3/800/600'], 'Garden wedding with romantic lighting', 'Wedding', true, 1),
  ('b0000002-0002-4002-8002-000000000002', 'Engagement Session', ARRAY['https://picsum.photos/seed/port2-4/800/600', 'https://picsum.photos/seed/port2-5/800/600'], 'Urban engagement photoshoot in the city', 'Engagement', false, 2),
  ('b0000003-0003-4003-8003-000000000003', 'Coastal Wedding Film', ARRAY['https://picsum.photos/seed/port3-1/800/600', 'https://picsum.photos/seed/port3-2/800/600'], 'Cinematic wedding film with drone footage', 'Wedding', true, 1),
  ('b0000006-0006-4006-8006-000000000006', 'Blush & Gold Wedding', ARRAY['https://picsum.photos/seed/port6-1/800/600', 'https://picsum.photos/seed/port6-2/800/600', 'https://picsum.photos/seed/port6-3/800/600'], 'Romantic blush and gold floral arrangements', 'Wedding', true, 1);

-- Create sample users (customers who will write reviews)
INSERT INTO users (id, email, password, name, avatar, role) VALUES
  ('c0000001-0001-4001-8001-000000000001', 'sarah.johnson@email.com', '$2a$10$hashedpassword9', 'Sarah Johnson', 'https://i.pravatar.cc/150?img=1', 'user'),
  ('c0000002-0002-4002-8002-000000000002', 'michael.chen@email.com', '$2a$10$hashedpassword10', 'Michael Chen', 'https://i.pravatar.cc/150?img=13', 'user'),
  ('c0000003-0003-4003-8003-000000000003', 'emily.williams@email.com', '$2a$10$hashedpassword11', 'Emily Williams', 'https://i.pravatar.cc/150?img=5', 'user'),
  ('c0000004-0004-4004-8004-000000000004', 'james.martinez@email.com', '$2a$10$hashedpassword12', 'James Martinez', 'https://i.pravatar.cc/150?img=12', 'user'),
  ('c0000005-0005-4005-8005-000000000005', 'olivia.brown@email.com', '$2a$10$hashedpassword13', 'Olivia Brown', 'https://i.pravatar.cc/150?img=9', 'user'),
  ('c0000006-0006-4006-8006-000000000006', 'david.taylor@email.com', '$2a$10$hashedpassword14', 'David Taylor', 'https://i.pravatar.cc/150?img=14', 'user'),
  ('c0000007-0007-4007-8007-000000000007', 'sophia.anderson@email.com', '$2a$10$hashedpassword15', 'Sophia Anderson', 'https://i.pravatar.cc/150?img=10', 'user'),
  ('c0000008-0008-4008-8008-000000000008', 'daniel.white@email.com', '$2a$10$hashedpassword16', 'Daniel White', 'https://i.pravatar.cc/150?img=15', 'user'),
  ('c0000009-0009-4009-8009-000000000009', 'ava.thompson@email.com', '$2a$10$hashedpassword17', 'Ava Thompson', 'https://i.pravatar.cc/150?img=16', 'user'),
  ('c0000010-0010-4010-8010-000000000010', 'noah.jackson@email.com', '$2a$10$hashedpassword18', 'Noah Jackson', 'https://i.pravatar.cc/150?img=11', 'user');

-- Create sample reviews for vendors
INSERT INTO reviews (
  vendor_id, user_id, rating, title, content, images, event_type, event_date, verified, helpful, created_at
) VALUES
  -- Reviews for Sea Cliff Hotel & Resort
  (
    'b0000001-0001-4001-8001-000000000001',
    'c0000001-0001-4001-8001-000000000001',
    5,
    'Absolutely Perfect Venue for Our Dream Wedding!',
    'Sea Cliff Hotel exceeded all our expectations! The oceanfront setting was absolutely breathtaking, and our guests are still talking about the stunning sunset during our ceremony. The event coordinator, Maria, was incredible - she anticipated our every need and made sure everything ran smoothly. The food was exceptional, and the service staff was professional and attentive. We had 250 guests and there was plenty of space for everyone. The bridal suite was beautiful and the accommodation for our out-of-town guests was top-notch. If you''re looking for a luxurious beachfront venue with impeccable service, this is it!',
    ARRAY['https://picsum.photos/seed/review1-1/400/300', 'https://picsum.photos/seed/review1-2/400/300'],
    'Wedding',
    '2024-06-15',
    true,
    45,
    '2024-06-20 10:30:00'
  ),
  (
    'b0000001-0001-4001-8001-000000000001',
    'c0000002-0002-4002-8002-000000000002',
    5,
    'Best Decision We Made!',
    'Choosing Sea Cliff for our wedding was the best decision we made during our entire planning process. The venue is gorgeous, the staff is amazing, and everything was executed flawlessly. Our wedding planner worked seamlessly with their team. The ocean views are unbeatable and made for incredible photos. Highly recommend for any couple looking for a stunning waterfront venue!',
    ARRAY[]::TEXT[],
    'Wedding',
    '2024-08-22',
    true,
    32,
    '2024-08-25 15:45:00'
  ),
  (
    'b0000001-0001-4001-8001-000000000001',
    'c0000003-0003-4003-8003-000000000003',
    4,
    'Beautiful Venue with Premium Price',
    'The venue is absolutely stunning and the service was excellent. The only reason I''m giving 4 stars instead of 5 is the price - it''s definitely on the higher end. However, you truly get what you pay for. The location is perfect, the food was delicious, and our coordinator was very professional. If it''s within your budget, I would recommend it.',
    ARRAY['https://picsum.photos/seed/review1-3/400/300'],
    'Wedding',
    '2024-07-10',
    true,
    18,
    '2024-07-15 09:20:00'
  ),
  (
    'b0000001-0001-4001-8001-000000000001',
    'c0000004-0004-4004-8004-000000000004',
    5,
    'Magical Sunset Ceremony',
    'We had our ceremony on the beach at sunset and it was absolutely magical! The hotel staff set up everything beautifully - the white chairs, the floral arch, the sound system - everything was perfect. The reception in the ballroom was equally impressive. The coordinator helped us with every detail and the day went off without a hitch. Our guests loved the venue and many of them stayed at the hotel which was very convenient. Can''t recommend this place enough!',
    ARRAY['https://picsum.photos/seed/review1-4/400/300', 'https://picsum.photos/seed/review1-5/400/300', 'https://picsum.photos/seed/review1-6/400/300'],
    'Wedding',
    '2024-05-18',
    true,
    28,
    '2024-05-22 14:10:00'
  ),

  -- Reviews for Bella Photography Studio
  (
    'b0000002-0002-4002-8002-000000000002',
    'c0000005-0005-4005-8005-000000000005',
    5,
    'Captured Every Precious Moment!',
    'Isabella and her team were absolutely amazing! They captured every single moment of our special day perfectly. The photos are artistic, emotional, and stunning. She has such a great eye for detail and made us feel so comfortable in front of the camera. We received over 500 beautifully edited photos and choosing our favorites was so hard because they were all incredible! The engagement session really helped us get comfortable with her style. Worth every penny!',
    ARRAY['https://picsum.photos/seed/review2-1/400/300'],
    'Wedding',
    '2024-09-07',
    true,
    56,
    '2024-09-12 11:30:00'
  ),
  (
    'b0000002-0002-4002-8002-000000000002',
    'c0000006-0006-4006-8006-000000000006',
    5,
    'Artistic and Professional',
    'Bella Photography Studio is hands down the best! Isabella''s artistic vision is incredible - she found angles and moments we never would have thought of. The photos look like they belong in a wedding magazine. She was also so organized and had a detailed timeline that kept everything on track. The online gallery made it easy to share photos with family and friends. 10/10 would recommend!',
    ARRAY['https://picsum.photos/seed/review2-2/400/300', 'https://picsum.photos/seed/review2-3/400/300'],
    'Wedding',
    '2024-04-12',
    true,
    41,
    '2024-04-18 16:20:00'
  ),

  -- Reviews for Perfect Day Planners
  (
    'b0000005-0005-4005-8005-000000000005',
    'c0000007-0007-4007-8007-000000000007',
    5,
    'They Truly Made Our Day Perfect!',
    'Emily and her team at Perfect Day Planners were absolutely phenomenal! From our first meeting to the last dance, they handled everything with such grace and professionalism. They helped us stay within budget, recommended amazing vendors, and on the wedding day, we didn''t have to worry about a single thing. They coordinated with all our vendors, handled the timeline, and made sure everything ran smoothly. I don''t know how we would have done it without them. If you want a stress-free planning experience, hire them!',
    ARRAY['https://picsum.photos/seed/review5-1/400/300'],
    'Wedding',
    '2024-10-05',
    true,
    67,
    '2024-10-10 13:45:00'
  ),
  (
    'b0000005-0005-4005-8005-000000000005',
    'c0000008-0008-4008-8008-000000000008',
    5,
    'Worth Every Penny!',
    'Best investment we made for our wedding! The Perfect Day Planners team took care of everything - from negotiating vendor contracts to setting up the entire venue on the day. Emily was so responsive and always had great ideas. The day-of coordination was flawless. We actually got to enjoy our wedding day instead of stressing about details. Highly highly recommend!',
    ARRAY[]::TEXT[],
    'Wedding',
    '2024-03-20',
    true,
    52,
    '2024-03-25 10:15:00'
  ),

  -- Reviews for Hyatt Regency
  (
    'b0000007-0007-4007-8007-000000000007',
    'c0000009-0009-4009-8009-000000000009',
    5,
    'Luxury at Its Finest!',
    'The Hyatt Regency was the perfect choice for our wedding! The ballroom is absolutely gorgeous with crystal chandeliers and elegant decor. The harbor views from the terrace are stunning. The catering was exceptional - our guests raved about the food. The events team was so professional and experienced, they knew exactly what to do. The fact that we could book room blocks for our guests made everything so convenient. A truly luxurious experience from start to finish!',
    ARRAY['https://picsum.photos/seed/review7-1/400/300', 'https://picsum.photos/seed/review7-2/400/300'],
    'Wedding',
    '2024-11-12',
    true,
    73,
    '2024-11-18 12:30:00'
  ),
  (
    'b0000007-0007-4007-8007-000000000007',
    'c0000010-0010-4010-8010-000000000010',
    5,
    'Exceeded Expectations!',
    'We had our wedding at the Hyatt Regency and it exceeded all expectations! The venue is stunning, the service is impeccable, and the food was restaurant quality. Our event coordinator was amazing and helped us customize every detail. The oceanfront terrace for cocktail hour was a huge hit with our guests. If you want a worry-free, luxurious wedding experience, this is the place!',
    ARRAY['https://picsum.photos/seed/review7-3/400/300'],
    'Wedding',
    '2024-02-14',
    true,
    38,
    '2024-02-20 09:40:00'
  );
